manual_reduction_time_tolerance,closed_loop_time_s,uav_phase_time_s,ground_review_time_s,manual_count,weighted_manual_cost,direct_confirm_count,total_energy_j,load_std_s,direct_confirmed_nodes,manual_target_nodes
1.0,3302.836363636364,633.8363636363637,2669.0,9,21,7,531202.0,18.2602966820738,1 4 6 7 10 12 16,2 3 5 8 9 11 13 14 15
1.03,3302.836363636364,633.8363636363637,2669.0,9,21,7,531202.0,18.2602966820738,1 4 6 7 10 12 16,2 3 5 8 9 11 13 14 15
1.05,3357.7772727272727,1087.7772727272727,2270.0,7,19,9,572104.0,197.61798037464953,1 3 4 6 7 10 11 12 16,2 5 8 9 13 14 15
1.1,2359.236363636364,1557.2363636363639,802.0,2,6,14,1028751.0,100.16476975567122,1 2 3 4 6 7 9 10 11 12 13 14 15 16,5 8
