k,closed_loop_time_s,uav_phase_time_s,ground_review_time_s,manual_count,weighted_manual_cost,direct_confirm_count,total_energy_j,load_std_s,normalized_objective
1,5363.3,1556.3,3807.0,14,32,2,265687.0,0.0,0.9
2,4435.8,628.8,3807.0,14,32,2,265687.0,0.6499999999999773,0.667711
3,4178.872727272727,636.8727272727272,3542.0,13,29,3,392972.0,25.727956499461822,0.541593
4,3567.7772727272727,1087.7772727272727,2480.0,7,19,9,572104.0,197.61798037464953,0.1
