k,battery_swap_time_s,uav_phase_time_s,total_energy_j,load_std_s,route_count,notes,normalized_objective
4,0,639.3318181818182,206894.0,145.1818181818182,2,"K=4, 仅2趟航次分配给至多2架无人机, 每架最多1趟, 换电不进入关键路径",0.0
4,150,639.3318181818182,206894.0,145.1818181818182,2,"K=4, 仅2趟航次分配给至多2架无人机, 每架最多1趟, 换电不进入关键路径",0.0
4,300,639.3318181818182,206894.0,145.1818181818182,2,"K=4, 仅2趟航次分配给至多2架无人机, 每架最多1趟, 换电不进入关键路径",0.0
4,450,639.3318181818182,206894.0,145.1818181818182,2,"K=4, 仅2趟航次分配给至多2架无人机, 每架最多1趟, 换电不进入关键路径",0.0
4,600,639.3318181818182,206894.0,145.1818181818182,2,"K=4, 仅2趟航次分配给至多2架无人机, 每架最多1趟, 换电不进入关键路径",0.0
