effective_energy_limit_j,feasible,route_count,closed_loop_time_s,uav_phase_time_s,ground_review_time_s,manual_count,weighted_manual_cost,direct_confirm_count,direct_confirmed_nodes,manual_target_nodes,manual_nodes,total_energy_j,load_std_s
121500.0,True,4,3514.427272727273,570.4272727272727,2944.0,9,22,7,1 4 6 7 10 12 14,2 3 5 8 9 11 13 15 16,MP02 MP03 MP05 MP08 MP09 MP11 MP13 MP15 MP16,480615.0,9.431498625473797
135000.0,True,5,3567.7772727272727,1087.7772727272727,2480.0,7,19,9,1 3 4 6 7 10 11 12 16,2 5 8 9 13 14 15,MP02 MP05 MP08 MP09 MP13 MP14 MP15,572104.0,197.61798037464953
148500.0,True,5,3456.8,1493.8000000000002,1963.0,5,15,11,1 3 4 6 7 10 11 12 14 15 16,2 5 8 9 13,MP02 MP05 MP08 MP09 MP13,701403.0,347.3515859788535
