direct_threshold_multiplier,closed_loop_time_s,uav_phase_time_s,ground_review_time_s,manual_count,weighted_manual_cost,direct_confirm_count,total_energy_j,load_std_s,normalized_objective
0.7,2428.5454545454545,1551.5454545454545,877.0,2,6,14,728419.0,391.9413765473012,0.1
0.85,2949.9863636363634,632.9863636363636,2317.0,8,19,8,534005.0,11.337460989754936,0.456052
1.0,3302.836363636364,633.8363636363637,2669.0,9,21,7,531202.0,18.2602966820738,0.628239
1.15,3489.8727272727274,636.8727272727272,2853.0,10,24,6,535977.0,7.806044026721123,0.737493
1.3,3788.8727272727274,636.8727272727272,3152.0,12,27,4,518707.0,41.19995524249349,0.904347
