direct_threshold_multiplier,closed_loop_time_s,ground_review_time_s,manual_count,total_energy_j,load_std_s,normalized_objective
0.7,2385.9863636363634,1753.0,5,520432.0,38.74539895371638,0.103281
0.85,2718.9863636363634,2086.0,6,517462.0,44.58832497609158,0.391854
1.0,2900.790909090909,2269.0,7,521315.0,35.51561850873293,0.557641
1.15,3090.75,2457.0,8,497929.99999999994,81.28226829038279,0.732515
1.3,3270.836363636364,2637.0,9,500319.0,78.0733990912472,0.903205
