k,closed_loop_time_s,ground_review_time_s,manual_count,total_energy_j,load_std_s,normalized_objective
1,5055.1,3614.0,14,239612.0,0.0,0.8
2,4347.204545454546,2789.0,10,455816.0,187.30454545454552,0.632632
3,3558.8681818181817,2920.0,10,384792.0,42.65353927055606,0.366704
4,2900.790909090909,2269.0,7,521315.0,35.51561850873293,0.118961
