{
  "closed_loop_time_s": 2900.790909090909,
  "manual_nodes": [
    "MP02",
    "MP05",
    "MP08",
    "MP09",
    "MP13",
    "MP14",
    "MP16"
  ],
  "direct_confirmed_nodes": [
    1,
    3,
    4,
    6,
    7,
    10,
    11,
    12,
    15
  ],
  "ground_path": [
    "P0",
    "MP13",
    "MP14",
    "MP16",
    "MP02",
    "MP05",
    "MP08",
    "MP09",
    "P0"
  ],
  "routes": [
    {
      "uav_id": 1,
      "sortie_id": 1,
      "node_sequence": [
        0,
        3,
        2,
        1,
        4,
        6,
        0
      ],
      "hover_times_s": {
        "2": 14.768181818181816,
        "3": 110.0,
        "1": 200.0,
        "4": 240.0,
        "6": 6.181818181818182
      }
    },
    {
      "uav_id": 2,
      "sortie_id": 1,
      "node_sequence": [
        0,
        9,
        10,
        11,
        12,
        14,
        0
      ],
      "hover_times_s": {
        "9": 55.0,
        "10": 190.0,
        "11": 110.0,
        "12": 170.0,
        "14": 29.990909090909092
      }
    },
    {
      "uav_id": 3,
      "sortie_id": 1,
      "node_sequence": [
        0,
        13,
        14,
        15,
        16,
        2,
        0
      ],
      "hover_times_s": {
        "14": 20.009090909090908,
        "13": 60.0,
        "15": 360.0,
        "16": 65.0,
        "2": 45.231818181818184
      }
    },
    {
      "uav_id": 4,
      "sortie_id": 1,
      "node_sequence": [
        0,
        6,
        5,
        8,
        7,
        0
      ],
      "hover_times_s": {
        "6": 173.8181818181818,
        "5": 50.0,
        "8": 60.0,
        "7": 200.0
      }
    }
  ]
}